Author,Date,Comment
"Anita Sharma","2026-01-05","The new urban transport policy is a great step toward reducing traffic congestion and improving daily commutes."
"Concerned Citizen","2026-01-06","I appreciate the focus on cleaner public transport, but implementation details need more clear version."
"Local Business Owner","2026-01-07","The proposed road expansion may affect small shops and should consider compensation plans."
"Rahul Verma","2026-01-08","The introduction of more electric buses is a positive move for the environment."
"Daily Commuter","2026-01-09","Public transport improvements are necessary, but ticket prices should remain affordable."
"Priya Nair","2026-01-10","This amendment shows good planning and will benefit future generations."
"Senior Resident","2026-01-11","The construction plans may create temporary inconvenience for elderly residents."
"Student Representative","2026-01-12","Better bus connectivity near colleges will make transportation easier for students."
"Environmental Activist","2026-01-13","The environmental regulations are overdue and will help protect natural resources."
"Anonymous Resident","2026-01-14","I need more information before deciding whether this policy will be effective."
"Meera Joshi","2026-01-15","The green development initiative is a welcome change for the city."
"Taxi Driver","2026-01-16","The new traffic rules could reduce earnings for drivers if alternatives are not provided."
"Urban Planner","2026-01-17","The policy reflects a balanced approach toward sustainable city growth."
"Community Volunteer","2026-01-18","More public discussions should be organized before final approval."
"Vikram Singh","2026-01-19","The expansion of cycling lanes is a very positive development."
"Resident Welfare Association","2026-01-20","We support better infrastructure but request proper maintenance plans."
"College Student","2026-01-21","Affordable transport options will help many students."
"Small Shopkeeper","2026-01-22","The construction timeline should be shorter to avoid business losses."
"Environmental Researcher","2026-01-23","The pollution control measures are a necessary improvement."
"Local Resident","2026-01-24","The government should explain how funds will be used for this project."
"Sanjay Patel","2026-01-25","The smart city upgrades will improve quality of life for residents."
"Bus Passenger","2026-01-26","The new routes are confusing and need better communication."
"Architect","2026-01-27","The urban design guidelines encourage better planning."
"Homeowner","2026-01-28","Property owners should be consulted before zoning changes are made."
"Neha Kapoor","2026-01-29","I strongly support policies that prioritize pedestrian safety."
"Factory Worker","2026-01-30","Transport changes should consider workers who travel long distances."
"Public Health Official","2026-02-01","Cleaner air regulations will have positive effects on public health."
"Concerned Parent","2026-02-02","The policy sounds promising, but child safety measures should be included."
"Retired Teacher","2026-02-03","The government should preserve old neighborhoods during redevelopment."
"Young Professional","2026-02-04","Faster metro expansion will greatly improve urban mobility."
"Community Leader","2026-02-05","The initiative has good intentions and deserves support."
"Auto Rickshaw Driver","2026-02-06","The restrictions may negatively impact small transport workers."
"Environmental Student","2026-02-07","The waste management rules are a positive step."
"Citizen Forum Member","2026-02-08","The policy requires more transparency regarding project costs."
"Farmer Representative","2026-02-09","Urban expansion should not ignore nearby agricultural communities."
"Software Engineer","2026-02-10","Digital transport services will make commuting more convenient."
"Local Resident","2026-02-11","I am unsure about the long-term impact of these changes."
"Business Consultant","2026-02-12","Improved infrastructure can attract more investment to the city."
"Street Vendor","2026-02-13","New regulations may make it harder for vendors to operate."
"Citizen Advocate","2026-02-14","The policy should include feedback from marginalized communities."
"Rohit Das","2026-02-15","The public transport upgrade is exactly what the city needed."
"Traffic Police Officer","2026-02-16","Better enforcement mechanisms will determine the success of the amendment."
"Environmental NGO Member","2026-02-17","The climate action measures are encouraging and necessary."
"Apartment Resident","2026-02-18","Parking restrictions may create difficulties for residents."
"Tourism Worker","2026-02-19","Improved transport facilities will help local tourism grow."
"Public Transport User","2026-02-20","The service improvements are useful, but delays remain a concern."
"Civil Engineer","2026-02-21","The infrastructure standards appear technically sound."
"Shop Owner","2026-02-22","Road construction should not continue without proper planning."
"Environmental Advocate","2026-02-23","Protecting green spaces should be the main priority."
"Student","2026-02-24","I support affordable transportation options for young people."
"Kavita Rao","2026-02-25","The policy is a positive move toward a modern city."
"Local Driver","2026-02-26","The new regulations could increase costs for drivers."
"Research Scholar","2026-02-27","More studies should be conducted before implementation."
"Resident Association Member","2026-02-28","Community participation should be mandatory in such projects."
"Healthcare Worker","2026-03-01","Reduced pollution will improve health outcomes."
"Small Entrepreneur","2026-03-02","The policy may create challenges for small businesses."
"Government Employee","2026-03-03","The amendment provides a clear framework for development."
"Environmental Scientist","2026-03-04","The conservation rules are scientifically justified."
"Resident Citizen","2026-03-05","I have not formed an opinion yet because more details are needed."
"Bus Operator","2026-03-06","The new transport standards require additional investment."
"Teacher","2026-03-07","Safer roads near schools are a welcome improvement."
"Senior Citizen Group","2026-03-08","Accessibility features should be increased in public transport."
"Youth Representative","2026-03-09","The youth perspective should be included in future planning."
"Urban Development Expert","2026-03-10","The redevelopment plan has strong potential if managed properly."
"Concerned Resident","2026-03-11","The policy may increase living costs in some areas."
"Community Member","2026-03-12","I would like to see more public consultations."
"Green Energy Advocate","2026-03-13","Renewable energy integration in cities is a great initiative."
"Office Worker","2026-03-14","The changes might reduce travel time significantly."
"Local Trader","2026-03-15","Business owners need more support during transition periods."
"Civil Society Member","2026-03-16","The amendment addresses important environmental concerns."
"Resident","2026-03-17","The proposal is interesting, but I need more evidence of benefits."
"Transport Expert","2026-03-18","Integrated transport planning will improve city efficiency."
"Market Association","2026-03-19","The new rules may negatively affect market accessibility."
"Public Safety Officer","2026-03-20","Improved road design can reduce accidents."
"Student Volunteer","2026-03-21","Environmental awareness programs should accompany the policy."
"Apartment Owner","2026-03-22","The building regulations need explanation."
"Citizen Reporter","2026-03-23","The government should publish progress updates regularly."
"Business Owner","2026-03-24","Better transport connectivity could help businesses grow."
"Factory Manager","2026-03-25","The new restrictions may affect industrial operations."
"Local Resident","2026-03-26","The policy seems reasonable but requires careful execution."
"Environmental Volunteer","2026-03-27","The tree protection measures are encouraging."
"College Professor","2026-03-28","The amendment is a meaningful step toward sustainable development."
"Road User","2026-03-29","Traffic management improvements are needed immediately."
"Community Organizer","2026-03-30","Public involvement will make the project more successful."
"Transport Worker","2026-04-01","Workers affected by the changes should receive assistance."
"Technology Professional","2026-04-02","Smart infrastructure solutions can improve urban services."
"Resident Group","2026-04-03","The policy creates opportunities but also has challenges."
"Environmental Campaigner","2026-04-04","Strong environmental rules are necessary for future sustainability."
"Local Citizen","2026-04-05","I am waiting to see how effectively this policy is implemented."
"Public Transport Advocate","2026-04-06","Affordable and reliable transport should remain the priority."
"Shopkeeper","2026-04-07","The construction changes may reduce customer access temporarily."
"Student Leader","2026-04-08","The transport reforms will benefit many students."
"Environmental Resident","2026-04-09","The pollution reduction targets are ambitious but necessary."
"Citizen Observer","2026-04-10","More information is needed before evaluating the policy."
"Urban Resident","2026-04-11","The redevelopment plan is a positive effort toward improvement."
"Local Entrepreneur","2026-04-12","The policy may create additional costs for businesses."
"Public Interest Group","2026-04-13","The government should ensure equal benefits for all citizens."
"Community Resident","2026-04-14","The proposed changes appear practical and beneficial."
"Anonymous Citizen","2026-04-15","The impact of the amendment remains unclear at this stage."
